<?xml version="1.0" encoding="UTF-8"?>
<CustomField xmlns="http://soap.sforce.com/2006/04/metadata">
    <fullName>Instruction__c</fullName>
    <description>Steps to reproduce the issue</description>
    <externalId>false</externalId>
    <inlineHelpText>Steps to reproduce the issue</inlineHelpText>
    <label>Instruction</label>
    <length>32768</length>
    <trackFeedHistory>false</trackFeedHistory>
    <trackHistory>false</trackHistory>
    <trackTrending>false</trackTrending>
    <type>LongTextArea</type>
    <visibleLines>5</visibleLines>
</CustomField>
