<?xml version="1.0" encoding="UTF-8"?>
<CustomField xmlns="http://soap.sforce.com/2006/04/metadata">
    <fullName>Issue_Description__c</fullName>
    <description>Describe the issue</description>
    <externalId>false</externalId>
    <inlineHelpText>Description of the issue</inlineHelpText>
    <label>Issue Description</label>
    <length>32768</length>
    <trackFeedHistory>true</trackFeedHistory>
    <trackHistory>false</trackHistory>
    <trackTrending>false</trackTrending>
    <type>Html</type>
    <visibleLines>25</visibleLines>
</CustomField>
