<?xml version="1.0" encoding="UTF-8"?>
<CustomField xmlns="http://soap.sforce.com/2006/04/metadata">
    <fullName>Issue_Resolution__c</fullName>
    <description>The resolution for the issue</description>
    <externalId>false</externalId>
    <inlineHelpText>The resolution for the issue</inlineHelpText>
    <label>Issue Resolution</label>
    <length>32768</length>
    <trackFeedHistory>true</trackFeedHistory>
    <trackHistory>false</trackHistory>
    <trackTrending>false</trackTrending>
    <type>LongTextArea</type>
    <visibleLines>3</visibleLines>
</CustomField>
