<?xml version="1.0" encoding="UTF-8"?>
<CustomField xmlns="http://soap.sforce.com/2006/04/metadata">
    <fullName>Related_Issue__c</fullName>
    <deleteConstraint>SetNull</deleteConstraint>
    <description>The issue which related to this issue</description>
    <externalId>false</externalId>
    <inlineHelpText>The issue which related to this issue</inlineHelpText>
    <label>Related Issue</label>
    <referenceTo>UAT_Log__c</referenceTo>
    <relationshipLabel>UAT Logs</relationshipLabel>
    <relationshipName>UAT_Logs</relationshipName>
    <required>false</required>
    <trackFeedHistory>true</trackFeedHistory>
    <trackHistory>false</trackHistory>
    <trackTrending>false</trackTrending>
    <type>Lookup</type>
</CustomField>
