<?xml version="1.0" encoding="UTF-8"?>
<CustomField xmlns="http://soap.sforce.com/2006/04/metadata">
    <fullName>Severity__c</fullName>
    <externalId>false</externalId>
    <label>Severity</label>
    <required>false</required>
    <trackFeedHistory>true</trackFeedHistory>
    <trackHistory>false</trackHistory>
    <trackTrending>false</trackTrending>
    <type>Picklist</type>
    <valueSet>
        <restricted>true</restricted>
        <valueSetDefinition>
            <sorted>false</sorted>
            <value>
                <fullName>Severity 1 - No Go</fullName>
                <default>false</default>
                <label>Severity 1 - No Go</label>
            </value>
            <value>
                <fullName>Severity 2 - Critical</fullName>
                <default>false</default>
                <label>Severity 2 - Critical</label>
            </value>
            <value>
                <fullName>Severity 3 - Medium</fullName>
                <default>false</default>
                <label>Severity 3 - Medium</label>
            </value>
            <value>
                <fullName>Severity 4 - Minor</fullName>
                <default>false</default>
                <label>Severity 4 - Minor</label>
            </value>
        </valueSetDefinition>
    </valueSet>
</CustomField>
