<?xml version="1.0" encoding="UTF-8"?>
<CustomField xmlns="http://soap.sforce.com/2006/04/metadata">
    <fullName>Status__c</fullName>
    <externalId>false</externalId>
    <label>Status</label>
    <required>false</required>
    <trackFeedHistory>true</trackFeedHistory>
    <trackHistory>false</trackHistory>
    <trackTrending>false</trackTrending>
    <type>Picklist</type>
    <valueSet>
        <restricted>true</restricted>
        <valueSetDefinition>
            <sorted>false</sorted>
            <value>
                <fullName>New</fullName>
                <default>false</default>
                <label>New</label>
            </value>
            <value>
                <fullName>Assigned</fullName>
                <default>false</default>
                <label>Assigned</label>
            </value>
            <value>
                <fullName>Working</fullName>
                <default>false</default>
                <label>Working</label>
            </value>
            <value>
                <fullName>Retest</fullName>
                <default>false</default>
                <label>Retest</label>
            </value>
            <value>
                <fullName>Closed - Resolved</fullName>
                <default>false</default>
                <label>Closed - Resolved</label>
            </value>
            <value>
                <fullName>Closed - Deferred</fullName>
                <default>false</default>
                <label>Closed - Deferred</label>
            </value>
            <value>
                <fullName>Out of Scope</fullName>
                <default>false</default>
                <label>Out of Scope</label>
            </value>
            <value>
                <fullName>Repeat Issue</fullName>
                <default>false</default>
                <label>Repeat Issue</label>
            </value>
        </valueSetDefinition>
    </valueSet>
</CustomField>
