<?xml version="1.0" encoding="UTF-8"?>
<CustomField xmlns="http://soap.sforce.com/2006/04/metadata">
    <fullName>Type__c</fullName>
    <externalId>false</externalId>
    <label>Type</label>
    <required>false</required>
    <trackFeedHistory>true</trackFeedHistory>
    <trackHistory>false</trackHistory>
    <trackTrending>false</trackTrending>
    <type>Picklist</type>
    <valueSet>
        <restricted>true</restricted>
        <valueSetDefinition>
            <sorted>false</sorted>
            <value>
                <fullName>Bugfix</fullName>
                <default>false</default>
                <label>Bugfix</label>
            </value>
            <value>
                <fullName>Computer Settings</fullName>
                <default>false</default>
                <label>Computer Settings</label>
            </value>
            <value>
                <fullName>Data Migration</fullName>
                <default>false</default>
                <label>Data Migration</label>
            </value>
            <value>
                <fullName>Enquiry</fullName>
                <default>false</default>
                <label>Enquiry</label>
            </value>
            <value>
                <fullName>Missed Out Process</fullName>
                <default>false</default>
                <label>Missed Out Process</label>
            </value>
            <value>
                <fullName>Must Have</fullName>
                <default>false</default>
                <label>Must Have</label>
            </value>
            <value>
                <fullName>New Feature</fullName>
                <default>false</default>
                <label>New Feature</label>
            </value>
            <value>
                <fullName>Nice-to-have</fullName>
                <default>false</default>
                <label>Nice-to-have</label>
            </value>
        </valueSetDefinition>
    </valueSet>
</CustomField>
